{"cameraMode":{"drawMode":0,"name":"Shaded","section":"Shading Mode"},"sceneLighting":false,"audioPlay":false,"sceneViewState":{"m_AlwaysRefresh":false,"showFog":true,"showSkybox":false,"showFlares":true,"showImageEffects":true,"showParticleSystems":true,"showVisualEffectGraphs":true,"m_FxEnabled":true},"in2DMode":false,"pivot":{"x":407.8419189453125,"y":266.8026428222656,"z":-69.58522033691406},"rotation":{"x":0.0797317773103714,"y":0.004500753246247768,"z":-0.0002530930796638131,"w":0.9968934655189514},"size":173.2629852294922,"orthographic":false}