{"cameraMode":{"drawMode":0,"name":"Shaded","section":"Shading Mode"},"sceneLighting":true,"audioPlay":false,"sceneViewState":{"m_AlwaysRefresh":false,"showFog":true,"showSkybox":true,"showFlares":true,"showImageEffects":true,"showParticleSystems":true,"showVisualEffectGraphs":true,"m_FxEnabled":true},"in2DMode":false,"pivot":{"x":-364.08270263671877,"y":145.9330291748047,"z":-143.70013427734376},"rotation":{"x":-0.09953153133392334,"y":0.3867696225643158,"z":-0.042210664600133899,"w":-0.9159507155418396},"size":432.6318664550781,"orthographic":false}