{"cameraMode":{"drawMode":0,"name":"Shaded","section":"Shading Mode"},"sceneLighting":false,"audioPlay":false,"sceneViewState":{"m_AlwaysRefresh":false,"showFog":true,"showSkybox":false,"showFlares":true,"showImageEffects":true,"showParticleSystems":true,"showVisualEffectGraphs":true,"m_FxEnabled":true},"in2DMode":false,"pivot":{"x":463.2843322753906,"y":260.7007751464844,"z":530.8995361328125},"rotation":{"x":0.03176333010196686,"y":0.05547228828072548,"z":-0.0017096980009227992,"w":0.9980661869049072},"size":450.9326477050781,"orthographic":false}