{"cameraMode":{"drawMode":0,"name":"Shaded","section":"Shading Mode"},"sceneLighting":false,"audioPlay":false,"sceneViewState":{"m_AlwaysRefresh":false,"showFog":true,"showSkybox":false,"showFlares":true,"showImageEffects":true,"showParticleSystems":true,"showVisualEffectGraphs":true,"m_FxEnabled":true},"in2DMode":false,"pivot":{"x":372.37689208984377,"y":202.1121063232422,"z":-357.00250244140627},"rotation":{"x":-0.04017693176865578,"y":-0.02098041959106922,"z":-0.0007131530437618494,"w":0.9990606904029846},"size":53.14006805419922,"orthographic":false}